water,is,gggg,fboLWe8QKgSzDmnWNwneBbBegodmWdauWPWvmiuI92uwxg==
water,is,not wet,xh/u9FxFeGxh8HBEUtX8Kn18ZXsVJgV+Iq1hd32qgeSL2A==
i just,added a,cool,JIhc5Qpi82ptnCsSJIsJ5+MK8Mt/HKewN0d0idlZzIWKuQ==
this,is,tedious,eRq4Sk/cjTpzAwVht8eH4DfkctnQ0xjCWBNM6r4jniipJg==
i am adding,a cross-platform,application icon,Mqs3BBSPQjXwBbV6Z1+j4g+07sEFYkALi7x2VFZs9NST2g==
backspace,delete,carriage return,MeC1duW4RwAEQ7c5LokXqi41v/Llvg8=
i am removing,what i felt was,a cool feature,eC7NeXpRsTsMzWfiTlsFHyjvNzk03AC/pGnKJ4CocikgMA==
randomness,entroy,information,wThw0RFh5pFP2JNWz2BMGrf/y62xExStNGwQsomUeFMmHA==
uh,i,hate,05PvYuQO7NH+s8CNa/qMideTMLF5RvfAS6rLY8l/HeZcyQ==
i deleted,what,was not required,9TJ8BoTaccL5JWTXIYXWant98c2Qb8hcL16tELhV0wmMTQ==
